claims_last_7_days,distance_from_epicentre_km,activity_ratio,city_base_risk_score,rainfall_mm,temperature_c,aqi,is_fraud
1,1.235,0.739,0.18,91.4,39.7,137.0,0
3,2.446,0.4196,0.1,55.9,40.3,217.0,0
1,5.244,0.3372,0.58,68.7,42.0,252.0,0
3,27.021,0.6119,0.23,49.4,37.8,219.0,1
5,2,0.0741,0.65,52.0,33.3,40,1
1,0.0,1.0,0.23,61.3,33.9,205.0,0
1,0.269,0.295,0.18,54.4,37.7,144.0,0
2,0.0,0.745,0.1,30,39.1,179.0,0
1,1.615,0.3105,0.58,59.0,31.9,113.0,0
2,3.066,0.5966,0.58,51.0,40.1,201.0,0
1,3.582,0.8714,0.1,96.0,36.7,177.0,0
1,0.0,0.6679,0.23,48.6,36.1,200.0,0
3,4.536,0.9046,0.18,81.9,31.0,164.0,0
0,0.642,0.3993,0.1,57.9,34.0,195.0,0
1,2.414,0.1852,0.65,51.6,40.2,276.0,0
0,0.0,0.5376,0.23,103.9,32.5,86.0,0
3,8.488,0.0375,0.58,74.3,32.8,156.0,1
1,3.08,0.5114,0.42,91.6,26.1,204.0,0
1,23.109,0.0447,0.18,54.1,40.2,196.0,1
2,1.091,0.3473,0.65,96.4,29.0,125.0,0
1,3.826,0.6942,0.23,89.3,40.1,165.0,0
2,2.876,0.6279,0.42,125.1,36.7,91.0,0
6,4.262,0.0407,0.23,49.2,41.2,53.0,1
1,2.152,0.7394,0.35,64.0,32.2,117.0,0
1,0.0,0.3166,0.18,72.0,33.3,104.0,0
0,0.0,0.5199,0.18,51.7,33.8,246.0,0
0,0.0,0.7084,0.1,73.6,32.3,226.0,0
2,0.611,0.7847,0.23,91.1,32.6,221.0,0
0,2.4,0.6967,0.5,87.1,38.0,144.0,0
2,0.0,0.3788,0.42,105.4,36.1,92.0,0
1,0.283,0.912,0.5,35.5,36.0,115.0,0
1,1.732,0.91,0.42,73.2,33.4,198.0,0
1,3.857,0.5611,0.58,66.5,24.2,117.0,0
6,2,0.0927,0.5,77.0,34.3,144.0,1
6,11.288,0.0988,0.58,44.9,37.4,208.0,1
3,15.229,0.0718,0.58,61.7,39.1,180.0,1
8,16.863,0.0165,0.23,89.6,28.2,40,1
2,2.895,0.5458,0.65,33.5,36.0,127.0,0
3,23.241,0.05,0.65,57.6,31.1,48.0,1
2,1.166,0.5802,0.23,79.8,29.1,175.0,0
6,6.282,0.0665,0.58,69.1,37.3,150.0,1
3,0.0,0.4714,0.35,70.6,34.8,241.0,0
1,3.179,0.6249,0.42,105.4,38.6,230.0,0
1,1.264,0.7317,0.65,71.2,39.3,50,0
1,3.218,0.5505,0.58,80.0,31.5,120.0,0
0,1.247,0.5562,0.18,71.0,37.4,237.0,0
1,1.634,0.5886,0.58,30.8,26.1,150.0,0
1,0.638,0.1334,0.1,30,26.2,274.0,0
7,28.667,0.0,0.23,25.9,31.3,181.0,1
0,0.698,0.8005,0.23,74.6,28.0,139.0,0
1,2.188,0.9033,0.58,53.9,30.4,203.0,0
3,26.165,0.65,0.58,72.8,35.6,116.0,1
2,0.836,0.1238,0.58,51.7,30.0,154.0,0
1,0.0,0.5164,0.5,60.4,36.0,156.0,0
1,0.0,0.6264,0.58,98.5,34.7,289.0,0
1,0.902,0.9248,0.5,89.4,38.2,107.0,0
0,0.0,0.6243,0.5,84.5,35.3,201.0,0
6,13.563,0.0684,0.5,41.9,30.9,140.0,1
1,1.452,0.811,0.18,86.4,26.8,210.0,0
0,0.937,0.6038,0.42,87.3,32.3,89.0,0
3,0.306,0.3163,0.1,72.2,27.8,247.0,0
7,24.279,0.0469,0.42,37.0,23.6,249.0,1
2,0.0,0.4905,0.23,84.1,22.1,221.0,0
2,2.865,0.1684,0.18,91.2,31.0,180.0,0
2,1.636,0.6166,0.1,74.2,33.8,227.0,0
0,2.275,0.5869,0.18,85.2,27.6,192.0,0
5,2,0.0131,0.5,82.9,28.2,251.0,1
2,0.0,0.08,0.42,87.0,31.2,168.0,0
3,3.777,0.5296,0.42,73.8,33.0,373.0,0
2,15.902,0.577,0.18,93.5,33.7,212.0,1
0,5.86,0.1371,0.18,48.2,39.5,256.0,0
0,3.589,0.5744,0.35,92.2,43.4,180.0,0
2,2.049,0.6554,0.5,88.8,32.8,236.0,0
0,2.253,0.7816,0.58,76.9,35.3,92.0,0
1,1.345,0.1598,0.5,71.9,32.3,116.0,0
2,3.169,0.4414,0.42,65.5,34.5,125.0,0
4,17.462,0.3548,0.35,23.2,37.5,40,1
1,0.0,1.0,0.5,56.9,38.4,159.0,0
0,0.415,0.942,0.35,62.4,28.2,164.0,0
1,0.0,0.5321,0.65,64.0,43.3,246.0,0
1,1.754,0.0659,0.65,51.4,29.3,281.0,1
6,8.089,0.0088,0.1,76.9,34.6,119.0,1
6,9.929,0.0395,0.1,39.3,31.5,139.0,1
3,1.511,0.0288,0.35,56.5,30.0,115.0,1
1,2.709,0.0508,0.18,10,30.3,234.0,1
2,9.566,0.0119,0.23,69.4,30.3,156.0,1
1,0.0,0.4813,0.65,82.0,25.2,200.0,0
2,0.0,0.4892,0.23,62.1,31.0,189.0,0
2,1.479,0.612,0.5,61.8,42.6,283.0,0
2,12.838,0.0167,0.23,39.4,38.2,88.0,1
3,1.322,0.8148,0.23,60.5,33.9,87.0,0
2,10.717,0.3491,0.65,38.5,35.7,241.0,1
2,2.523,0.6257,0.65,65.3,38.5,116.0,0
0,0.0,0.6396,0.65,72.1,27.5,111.0,0
1,0.807,0.542,0.65,60.5,34.8,80.0,0
0,1.687,0.6353,0.18,91.3,33.6,266.0,0
3,0.559,0.2861,0.58,91.8,30.8,185.0,0
1,0.885,0.474,0.35,99.1,32.0,187.0,0
0,0.196,0.6098,0.5,99.6,25.5,269.0,0
2,1.07,0.3533,0.65,77.9,28.9,103.0,0
3,2.115,0.0423,0.1,89.2,38.9,139.0,1
4,13.891,0.05,0.58,56.4,29.2,188.0,1
3,2.433,0.0,0.5,73.1,38.9,225.0,1
3,0.754,0.5859,0.1,74.0,30.6,220.0,0
2,4.588,0.4473,0.23,60.9,40.2,169.0,0
0,0.855,0.5454,0.23,80.3,33.4,106.0,0
1,0.0,0.6783,0.1,83.0,34.8,167.0,0
3,2.577,0.0509,0.58,60.9,33.2,79.0,1
2,0.689,0.6007,0.58,67.6,32.4,193.0,0
0,0.628,0.7283,0.65,63.5,34.2,248.0,0
1,0.0,0.406,0.35,30,28.4,212.0,0
3,0.476,0.0509,0.35,71.5,42.8,121.0,1
3,22.214,0.2922,0.18,67.5,31.4,256.0,1
2,2.914,0.6089,0.42,86.4,31.8,190.0,0
1,1.213,0.8145,0.5,47.9,37.8,129.0,0
1,1.717,0.645,0.1,58.7,31.4,140.0,0
3,15.978,0.4655,0.23,55.2,44.0,205.0,1
8,3.613,0.12,0.23,57.1,32.7,40,1
1,2.406,0.8402,0.23,97.1,34.3,141.0,0
3,7.309,0.0164,0.58,39.5,27.8,137.0,1
1,1.471,0.392,0.18,51.8,40.7,98.0,0
2,25.991,0.1783,0.1,22.8,33.0,130.0,1
3,0.131,0.2528,0.42,59.9,31.9,177.0,0
0,1.919,0.6608,0.18,90.9,31.8,280.0,0
3,1.891,0.9411,0.42,52.1,41.7,184.0,0
1,1.233,0.4523,0.35,100.1,36.1,262.0,0
1,2.851,0.6387,0.23,66.8,31.5,210.0,0
2,1.961,0.7718,0.42,80.8,32.9,160.0,0
1,0.562,0.8321,0.65,56.9,33.1,227.0,0
0,1.668,0.6474,0.5,43.6,32.6,264.0,0
3,3.302,0.5115,0.23,36.0,36.3,168.0,0
5,5.656,0.0918,0.18,55.0,40.6,230.0,1
6,5.482,0.12,0.5,55.7,27.2,262.0,1
1,3.268,0.3909,0.5,55.1,38.0,151.0,0
3,1.499,0.7761,0.1,94.6,39.9,176.0,0
1,0.009,0.5125,0.18,35.5,39.4,239.0,0
2,1.891,0.6895,0.65,52.8,34.0,330.0,0
3,22.747,0.2986,0.1,37.9,39.8,119.0,1
0,5.529,0.633,0.5,46.8,31.0,158.0,0
2,19.126,0.05,0.42,89.4,37.1,227.0,1
8,13.28,0.0,0.58,63.6,28.8,40,1
0,0.991,0.6205,0.58,89.9,34.1,277.0,0
1,1.834,0.4091,0.35,93.4,32.4,184.0,0
3,0.835,0.9802,0.65,66.4,30.2,54.0,0
5,2,0.0149,0.35,50.8,37.7,261.0,1
1,2.975,0.9817,0.65,96.0,31.5,215.0,0
3,1.265,0.7766,0.65,70.8,34.3,50,0
1,1.032,0.9401,0.5,81.6,38.7,173.0,0
4,13.069,0.05,0.65,61.1,26.8,192.0,1
0,2.891,0.6741,0.65,60.4,34.5,190.0,0
2,4.204,0.0315,0.5,61.6,21.6,175.0,1
3,1.949,0.7168,0.23,54.3,38.5,50,0
1,0.0,0.5436,0.18,92.1,30.9,163.0,0
0,2.461,0.3484,0.1,81.1,28.3,115.0,0
1,1.638,0.6225,0.58,87.3,31.8,332.0,0
7,20.387,0.12,0.18,22.9,26.2,260.0,1
3,6,0.2941,0.5,68.1,36.7,218.0,1
3,1.921,0.0,0.5,14.1,28.3,40,1
3,17.707,0.6572,0.42,44.5,28.9,184.0,1
3,1.103,0.4646,0.23,93.3,38.4,130.0,0
0,0.904,0.4876,0.5,30,36.6,188.0,0
5,12.623,0.7,0.35,44.0,42.5,211.0,1
2,33.452,0.1306,0.23,68.8,28.2,199.0,1
1,4.455,0.5255,0.35,63.6,31.4,124.0,0
2,2.509,0.4405,0.65,58.5,45.7,207.0,0
3,1.214,0.3236,0.18,31.9,27.0,193.0,0
1,24.604,0.0759,0.23,54.8,33.4,186.0,1
1,1.117,0.5299,0.58,59.1,38.9,160.0,0
1,3.023,0.6976,0.18,90.8,30.8,167.0,0
1,1.463,0.0063,0.42,28.7,25.0,137.0,1
1,0.0,0.5613,0.58,35.9,31.6,87.0,0
1,3.077,0.5308,0.23,46.5,34.1,245.0,0
3,0.635,0.3086,0.42,45.3,39.8,133.0,0
2,2.094,0.0779,0.5,64.9,31.1,210.0,1
1,2.981,0.2855,0.65,68.1,34.2,219.0,0
1,3.294,0.6417,0.65,105.1,37.7,94.0,0
2,1.833,0.5139,0.58,64.9,31.6,159.0,0
1,0.0,0.5838,0.1,69.9,40.7,166.0,0
1,2.13,0.7162,0.5,67.1,37.9,191.0,0
2,1.314,0.4899,0.23,98.1,33.0,311.0,0
0,1.881,0.5039,0.1,61.0,35.9,50,0
0,3.23,0.7084,0.35,79.3,24.7,131.0,0
5,6.773,0.0386,0.65,44.6,36.3,174.0,1
1,2.982,0.3306,0.42,32.3,31.8,53.0,0
0,4.068,0.5591,0.42,67.8,41.9,218.0,0
1,0.563,0.6575,0.18,105.4,31.1,213.0,0
3,6,0.0787,0.1,41.9,35.5,143.0,1
3,22.75,0.06,0.42,18.6,25.9,154.0,1
0,0.0,0.7023,0.35,76.4,32.5,133.0,0
2,1.502,0.2963,0.42,55.5,27.8,214.0,0
4,0.0,0.8288,0.1,84.6,34.1,245.0,0
0,1.467,0.4261,0.42,68.7,29.5,50,0
3,0.611,0.6961,0.65,68.4,30.7,181.0,0
0,0.276,0.5162,0.5,68.3,43.3,266.0,0
1,2.559,0.6776,0.35,58.4,31.3,167.0,0
1,1.881,0.9044,0.65,62.6,32.1,183.0,0
2,1.36,0.606,0.35,70.0,35.9,174.0,0
0,1.083,0.411,0.5,51.3,29.1,235.0,0
0,0.791,0.4613,0.18,55.0,39.2,214.0,0
2,3.867,0.007,0.5,110.6,34.2,74.0,1
1,5.49,0.2758,0.5,53.9,34.8,307.0,0
1,1.916,0.7741,0.65,75.8,39.7,91.0,0
6,2,0.0699,0.42,59.9,34.0,214.0,1
2,0.0,0.2858,0.5,30,44.0,133.0,0
0,1.437,0.6593,0.23,68.0,35.7,185.0,0
0,0.0,0.289,0.35,84.8,28.4,400,0
4,4.46,0.5195,0.18,72.9,38.1,148.0,0
3,22.049,0.08,0.42,19.4,40.8,149.0,1
0,1.03,0.614,0.58,51.2,35.2,170.0,0
0,0.0,0.6748,0.18,32.8,37.5,155.0,0
1,1.073,0.7719,0.65,71.5,30.0,273.0,0
2,2.749,0.6841,0.42,92.4,40.5,176.0,0
1,0.45,0.7349,0.58,66.3,31.9,106.0,0
2,0.0,0.4555,0.5,93.0,33.9,134.0,0
0,2.012,0.6381,0.58,46.9,29.5,205.0,0
0,0.0,0.4373,0.35,77.5,38.4,159.0,0
2,0.0,0.648,0.23,72.7,32.3,187.0,0
1,2.306,0.0248,0.5,59.0,29.4,220.0,1
1,0.0,0.323,0.5,46.1,33.7,92.0,0
4,1.379,0.0653,0.23,51.2,34.7,129.0,1
2,4.214,0.8749,0.65,42.8,23.5,226.0,0
0,0.0,0.8061,0.42,80.8,33.3,111.0,0
1,0.577,0.6584,0.35,34.5,40.1,228.0,0
3,3.519,0.5143,0.18,71.6,41.1,298.0,0
2,1.053,0.4734,0.23,36.2,29.6,179.0,0
1,0.0,0.6288,0.35,84.7,33.6,80.0,0
3,1.725,0.4417,0.65,84.4,35.2,217.0,0
7,14.922,0.0,0.65,10,20.3,92.0,1
1,3.093,0.5806,0.1,84.5,37.1,292.0,0
2,31.721,0.05,0.5,50.8,33.3,49.0,1
1,0.0,0.6411,0.23,88.4,25.6,147.0,0
2,2.052,0.485,0.35,117.7,36.4,185.0,0
3,0.0,0.7883,0.1,46.7,27.5,130.0,0
2,0.493,0.553,0.18,61.2,39.6,209.0,0
7,8.534,0.0,0.18,52.8,23.5,159.0,1
3,4.086,0.0757,0.23,90.6,45.5,251.0,1
1,1.724,0.7578,0.58,94.9,27.1,174.0,0
1,2.542,0.1553,0.42,69.3,31.4,89.0,0
3,0.0,0.1385,0.65,75.3,33.5,178.0,0
4,1.145,0.4505,0.65,128.7,36.1,153.0,0
8,10.607,0.0916,0.5,56.1,41.7,160.0,1
2,2.93,0.0161,0.35,74.7,29.9,137.0,1
2,16.677,0.2104,0.65,22.4,21.6,194.0,1
8,2,0.1029,0.1,51.4,38.9,168.0,1
0,1.539,0.4797,0.18,84.4,37.2,88.0,0
1,1.428,0.5611,0.18,77.2,36.1,256.0,0
2,5,0.0312,0.65,84.8,25.0,154.0,1
4,23.113,0.2607,0.42,69.0,35.0,144.0,1
2,1.166,0.93,0.18,65.8,34.9,132.0,0
1,6.125,0.025,0.58,68.7,41.6,126.0,1
1,0.215,0.5959,0.1,65.0,28.8,320.0,0
2,1.722,0.72,0.42,33.4,39.0,115.0,0
2,0.0,0.3805,0.1,97.5,44.9,203.0,0
1,1.215,0.7146,0.35,91.3,31.8,106.0,0
0,2.915,0.6675,0.23,67.3,35.6,132.0,0
0,0.005,0.4713,0.35,79.2,42.0,183.0,0
2,3.111,0.0274,0.35,91.2,27.8,254.0,1
2,17.962,0.0583,0.58,102.0,30.6,104.0,1
8,8.193,0.037,0.23,56.8,38.6,91.0,1
3,0.596,0.5422,0.35,69.4,38.5,237.0,0
3,1.835,0.6834,0.42,80.3,41.2,138.0,0
0,0.551,0.6216,0.58,30,30.0,92.0,0
1,2.972,0.82,0.42,68.2,40.2,93.0,0
2,23.189,0.5281,0.65,95.3,30.1,166.0,1
2,3.743,0.0,0.35,68.4,30.3,96.0,1
0,4.428,0.664,0.65,48.5,33.4,136.0,0
3,4.126,0.7321,0.35,62.7,25.1,124.0,0
1,1.832,0.7577,0.5,106.3,28.7,278.0,0
4,0.356,0.4143,0.58,30,37.5,156.0,0
1,3.797,0.302,0.23,66.0,36.8,218.0,0
2,0.262,0.1097,0.65,54.7,37.2,159.0,0
2,0.189,0.0298,0.23,22.4,34.4,206.0,1
3,2.176,0.9485,0.65,93.9,42.6,75.0,0
1,0.0,0.5213,0.18,51.6,28.8,138.0,0
2,21.358,0.281,0.23,101.2,32.1,146.0,1
3,20.215,0.0293,0.1,85.9,33.0,233.0,1
0,0.0,0.3996,0.42,107.5,32.8,157.0,0
0,0.0,1.0,0.58,59.6,26.4,169.0,0
3,2.817,0.0371,0.42,70.1,26.5,157.0,1
1,0.452,0.5632,0.5,87.2,31.6,190.0,0
1,1.302,0.692,0.23,49.4,40.1,210.0,0
4,1.32,0.8513,0.35,30,36.9,240.0,0
2,0.986,0.7162,0.18,82.6,41.0,108.0,0
2,0.638,0.572,0.35,75.6,33.5,202.0,0
3,3.954,0.5292,0.5,79.0,29.3,200.0,0
3,2.248,0.546,0.23,91.5,40.8,195.0,0
3,0.286,0.2199,0.5,74.1,35.9,106.0,0
0,1.665,0.6585,0.35,48.5,33.3,235.0,0
0,1.022,0.6716,0.42,81.4,38.6,152.0,0
1,0.156,0.6369,0.18,64.5,36.0,137.0,0
0,0.6,0.9179,0.1,48.5,25.3,110.0,0
2,0.36,0.6594,0.23,59.4,32.7,162.0,0
2,0.0,0.5502,0.23,61.4,33.8,286.0,0
3,0.957,0.5964,0.35,87.2,34.9,191.0,0
4,2.189,0.0436,0.35,98.4,35.9,274.0,1
1,1.889,0.7131,0.42,67.0,24.5,204.0,0
2,22.462,0.7,0.35,70.8,31.2,167.0,1
3,29.922,0.4305,0.65,69.5,31.4,116.0,1
3,2.521,0.6719,0.1,35.0,25.8,133.0,0
0,0.0,0.7886,0.1,91.2,27.3,170.0,0
3,0.0,0.2668,0.58,85.0,32.5,158.0,0
2,0.0,0.593,0.35,30,37.7,98.0,0
0,3.622,0.5801,0.42,58.2,32.9,142.0,0
2,14.014,0.0388,0.5,60.0,30.5,112.0,1
0,0.0,0.704,0.35,77.7,35.3,184.0,0
0,0.241,0.5623,0.35,67.4,41.4,162.0,0
0,1.373,0.4845,0.23,78.6,28.5,150.0,0
2,0.0,0.8177,0.42,77.0,30.3,149.0,0
0,1.684,0.6345,0.42,100.2,31.5,122.0,0
4,0.0,0.6539,0.35,53.2,31.2,90.0,0
1,0.0,0.5186,0.23,60.4,37.4,267.0,0
3,1.205,0.0106,0.5,59.1,35.3,72.0,1
7,25.024,0.1143,0.18,60.2,26.5,40,1
0,3.222,0.1839,0.58,48.5,38.6,164.0,0
2,2.875,0.8051,0.58,93.2,39.1,85.0,0
2,1.02,0.2914,0.23,40.1,26.2,141.0,0
7,14.926,0.0869,0.58,48.3,37.3,104.0,1
2,1.836,0.3425,0.65,67.9,44.3,213.0,0
1,3.857,0.5157,0.5,38.1,36.6,170.0,0
0,0.0,0.2636,0.58,96.2,32.8,57.0,0
0,4.366,0.8015,0.42,81.4,26.4,50,0
0,1.128,0.5369,0.42,45.6,43.1,188.0,0
3,2.182,0.0604,0.65,60.6,35.7,82.0,1
2,0.719,0.5351,0.58,53.6,36.1,137.0,0
5,2,0.0282,0.58,65.8,42.8,108.0,1
1,0.0,0.667,0.35,71.8,32.8,174.0,0
1,0.702,0.5536,0.65,76.3,27.6,177.0,0
1,7.53,0.7871,0.65,30,31.4,223.0,0
2,26.151,0.7,0.58,49.5,29.2,308.0,1
2,13.805,0.057,0.18,23.5,29.5,182.0,1
1,0.476,0.5985,0.1,60.7,41.0,148.0,0
3,2.161,0.2727,0.58,60.3,37.2,209.0,0
2,0.0,0.3701,0.5,80.3,41.0,140.0,0
1,2.895,0.6775,0.5,40.5,32.3,222.0,0
5,8.888,0.0487,0.1,43.4,31.7,124.0,1
1,0.0,0.6891,0.18,82.3,37.1,240.0,0
0,1.76,0.448,0.1,56.1,38.3,102.0,0
1,0.323,0.6933,0.65,77.0,26.7,137.0,0
7,17.255,0.0887,0.18,51.5,38.2,241.0,1
2,11.975,0.4934,0.5,65.1,37.2,117.0,1
3,5.434,0.3588,0.35,67.1,22,176.0,0
3,1.859,0.0228,0.35,46.0,44.8,336.0,1
3,4.207,0.0434,0.1,85.3,33.4,154.0,1
3,4.168,0.5179,0.65,94.5,30.2,168.0,0
0,1.184,0.6498,0.65,61.3,39.5,132.0,0
2,16.791,0.0343,0.58,50.5,33.1,50.0,1
2,4.284,0.8357,0.23,105.2,34.8,179.0,0
1,0.0,0.6249,0.23,90.7,36.6,185.0,0
1,1.209,0.5352,0.42,73.7,27.1,158.0,0
1,1.285,0.3876,0.35,67.6,32.3,123.0,0
6,9.621,0.0492,0.42,53.5,33.9,189.0,1
2,27.142,0.0,0.35,66.3,32.4,96.0,1
1,4.189,0.6347,0.23,47.0,34.6,228.0,0
0,0.703,0.6874,0.23,81.1,44.1,129.0,0
1,0.0,0.3927,0.23,55.6,30.6,192.0,0
1,0.0,0.5891,0.65,76.4,37.4,255.0,0
6,16.243,0.038,0.42,63.8,30.7,342.0,1
1,3.883,0.5152,0.42,64.5,27.6,237.0,0
4,0.0,0.3598,0.65,45.8,37.6,209.0,0
1,0.78,0.0,0.18,86.5,26.7,324.0,1
2,1.126,0.53,0.1,43.2,34.5,161.0,0
4,12.883,0.3958,0.65,74.7,38.3,248.0,1
1,2.05,0.5278,0.1,85.2,32.8,195.0,0
4,0.0,0.5525,0.42,115.2,38.6,279.0,0
0,2.36,0.3351,0.23,91.3,38.4,125.0,0
1,0.0,0.6754,0.58,87.9,44.2,208.0,0
2,6.311,0.0,0.42,39.9,26.2,40,1
2,1.154,0.0352,0.58,82.8,22.5,84.0,1
4,2.944,0.0238,0.42,44.2,33.8,245.0,1
1,15.094,0.032,0.42,54.0,35.7,129.0,1
2,0.0,0.8862,0.65,80.3,36.5,129.0,0
1,5,0.0245,0.5,87.7,29.9,40,1
4,0.538,0.7333,0.1,89.2,31.7,150.0,0
3,12.68,0.1815,0.65,35.8,38.9,217.0,1
2,3.267,0.441,0.23,91.3,29.4,184.0,0
8,16.32,0.0569,0.5,103.8,35.2,89.0,1
3,31.726,0.05,0.18,13.2,26.5,282.0,1
0,0.0,0.5726,0.18,87.5,28.2,187.0,0
1,15.668,0.0538,0.23,82.7,31.5,83.0,1
2,1.329,0.4995,0.23,44.5,40.0,212.0,0
5,11.727,0.0323,0.5,66.7,38.4,106.0,1
1,3.368,0.897,0.42,30,24.5,170.0,0
1,1.378,0.6546,0.42,55.8,38.8,121.0,0
1,2.58,0.7002,0.18,57.8,34.0,210.0,0
6,25.904,0.0436,0.58,87.7,31.5,306.0,1
0,1.173,0.7171,0.1,68.7,31.4,154.0,0
2,7.655,0.2696,0.42,28.9,31.0,172.0,1
0,5.387,0.7383,0.5,41.8,31.9,241.0,0
1,0.0,0.4223,0.5,51.0,30.4,180.0,0
3,3.641,0.3528,0.58,41.3,24.6,174.0,0
0,1.958,0.3509,0.35,76.6,24.7,235.0,0
3,0.51,0.4383,0.18,105.4,27.1,193.0,0
0,0.981,0.7779,0.65,85.0,35.5,203.0,0
4,1.449,0.6439,0.23,97.5,27.0,113.0,0
4,2.236,0.0,0.58,15.8,29.3,40,1
2,22.662,0.08,0.35,60.9,26.3,144.0,1
1,2.062,0.6637,0.42,39.3,42.7,193.0,0
1,0.114,0.6972,0.58,89.4,33.8,323.0,0
1,0.961,0.755,0.23,101.0,38.0,238.0,0
6,3.003,0.0568,0.35,30.7,38.4,121.0,1
2,2.99,0.5592,0.58,30,27.1,120.0,0
6,8.631,0.006,0.58,24.5,28.8,168.0,1
7,20.006,0.08,0.5,50.4,44.9,200.0,1
2,2.042,0.08,0.42,72.8,22,186.0,0
2,2.511,0.0505,0.65,73.8,32.3,224.0,1
3,0.644,0.6845,0.23,48.2,34.8,238.0,0
0,2.996,0.6887,0.35,70.4,36.6,190.0,0
0,0.328,0.6741,0.42,83.9,28.7,157.0,0
3,1.596,0.7294,0.58,90.5,38.6,266.0,0
5,2,0.07,0.18,22.8,25.7,198.0,1
1,0.0,0.5506,0.23,55.8,37.4,191.0,0
2,16.893,0.0555,0.42,69.8,41.8,159.0,1
0,1.133,0.5932,0.35,69.1,30.6,71.0,0
0,1.181,0.7353,0.5,76.4,32.7,212.0,0
0,0.868,0.5835,0.23,67.9,31.9,297.0,0
4,3.097,0.0431,0.58,14.0,32.3,115.0,1
0,1.762,0.6296,0.65,44.7,31.7,165.0,0
3,1.515,0.2625,0.65,66.6,32.0,254.0,0
2,0.0,0.6143,0.5,47.5,30.1,124.0,0
3,34.864,0.5568,0.5,54.1,29.5,149.0,1
6,15.76,0.0284,0.18,49.5,30.7,147.0,1
3,1.035,0.601,0.1,76.6,23.2,214.0,0
0,0.0,0.7557,0.65,72.3,39.5,50,0
1,1.378,0.2353,0.5,67.5,39.2,149.0,0
1,1.476,0.7937,0.5,64.0,26.8,147.0,0
6,11.825,0.0108,0.58,78.1,27.7,230.0,1
1,0.0,0.4383,0.23,85.2,39.2,106.0,0
3,6,0.3177,0.5,60.0,28.9,264.0,1
1,0.0,0.9833,0.42,77.1,39.6,325.0,0
1,0.882,0.4746,0.5,83.6,34.3,249.0,0
0,0.105,0.2717,0.18,71.6,37.5,167.0,0
0,1.314,0.7777,0.5,66.9,29.5,153.0,0
5,6,0.05,0.18,83.4,26.6,50.0,1
0,2.866,0.4171,0.1,77.2,38.4,179.0,0
2,25.0,0.0229,0.5,72.1,31.1,246.0,1
5,28.587,0.05,0.18,76.8,42.6,233.0,1
4,1.543,0.7038,0.23,59.7,38.6,62.0,0
2,0.997,0.9483,0.58,63.2,32.1,237.0,0
5,26.079,0.3321,0.23,10,32.7,196.0,1
6,2,0.0473,0.42,82.9,35.1,88.0,1
1,3.507,0.729,0.65,66.7,35.4,191.0,0
3,2.698,0.6435,0.65,72.4,36.6,253.0,0
2,2.409,0.8778,0.1,83.9,39.2,219.0,0
1,0.519,0.2591,0.65,48.5,31.9,150.0,0
5,12.33,0.0727,0.1,59.2,42.4,65.0,1
1,0.0,0.7625,0.1,73.3,37.7,191.0,0
5,29.544,0.12,0.18,29.6,34.3,89.0,1
4,0.579,0.6112,0.58,36.6,27.7,50.0,0
0,0.223,0.5531,0.65,74.8,29.3,84.0,0
7,12.23,0.0308,0.65,58.9,28.9,62.0,1
2,2.573,0.8105,0.58,69.5,34.0,159.0,0
0,0.0,0.4426,0.5,74.3,36.4,117.0,0
3,3.491,0.6594,0.42,90.0,34.6,122.0,0
0,2.799,0.4077,0.65,79.0,39.7,171.0,0
1,1.475,0.8042,0.58,67.9,33.7,344.0,0
3,3.437,0.0346,0.42,77.6,34.1,201.0,1
0,0.094,0.4733,0.65,39.4,36.4,220.0,0
1,1.478,0.6504,0.35,76.8,27.3,265.0,0
2,25.008,0.4843,0.5,80.9,29.1,319.0,1
2,0.0,0.5678,0.1,56.1,30.7,133.0,0
2,5.877,0.0432,0.23,65.6,34.6,199.0,1
3,3.59,0.5519,0.1,106.4,43.2,160.0,0
7,10.14,0.0354,0.58,63.8,32.9,229.0,1
3,5.33,0.0115,0.35,46.3,32.8,40,1
3,0.592,0.3068,0.1,95.2,27.9,188.0,0
1,1.454,0.5501,0.5,67.5,32.3,216.0,0
2,12.584,0.0287,0.58,65.2,37.1,40,1
3,4.022,0.6518,0.18,63.0,28.2,234.0,0
6,17.213,0.12,0.18,30.8,34.0,200.0,1
3,12.11,0.5127,0.65,36.3,32.7,84.0,1
1,0.743,0.5003,0.35,106.1,23.7,225.0,0
1,0.763,0.5832,0.1,95.0,28.8,163.0,0
1,1.896,0.4891,0.58,79.0,40.0,221.0,0
3,0.978,1.0,0.35,56.7,34.0,163.0,0
2,1.132,0.6934,0.65,56.4,24.1,202.0,0
1,2.532,0.3859,0.1,88.6,34.0,108.0,0
3,1.72,0.3468,0.5,76.6,27.0,215.0,0
2,6.032,0.0733,0.58,34.1,25.8,249.0,1
0,7.309,0.7337,0.18,104.2,40.0,222.0,0
0,1.199,0.5948,0.18,95.8,39.0,213.0,0
2,0.0,0.5502,0.5,75.2,35.2,138.0,0
3,1.014,0.029,0.18,40.5,35.7,175.0,1
1,4.111,0.591,0.1,99.2,41.8,94.0,0
1,3.877,0.486,0.58,90.6,28.4,238.0,0
1,0.478,0.4343,0.65,69.6,33.0,100.0,0
3,2.461,0.5626,0.5,45.4,29.3,135.0,0
0,1.554,0.8601,0.35,59.6,34.7,240.0,0
0,0.888,0.5993,0.65,68.1,33.3,109.0,0
4,3.497,0.0561,0.58,44.6,41.8,205.0,1
4,40.815,0.1385,0.65,87.9,29.4,123.0,1
0,2.856,0.5,0.65,60.8,35.8,140.0,0
7,14.798,0.12,0.5,71.7,39.4,250.0,1
1,0.237,0.567,0.35,79.5,34.4,272.0,0
3,3.602,0.7158,0.58,69.9,34.5,175.0,0
2,2.74,0.5602,0.58,60.7,40.8,202.0,0
3,0.905,0.7129,0.35,52.1,38.5,173.0,0
3,2.58,0.8196,0.5,74.1,33.4,127.0,0
0,2.043,0.4207,0.1,78.6,43.6,236.0,0
3,1.677,0.6759,0.58,64.5,36.7,170.0,0
5,14.232,0.0637,0.35,69.0,26.0,150.0,1
3,0.634,0.0147,0.18,64.5,30.2,194.0,1
0,0.0,0.6316,0.23,75.9,38.4,133.0,0
4,3.526,0.7174,0.58,78.3,31.0,227.0,0
5,23.389,0.05,0.35,117.6,33.3,203.0,1
3,19.935,0.08,0.1,43.5,30.0,163.0,1
3,1.259,0.7192,0.23,103.8,37.0,95.0,0
4,24.25,0.4906,0.65,77.6,27.7,40,1
1,2.854,0.3901,0.1,76.4,27.2,108.0,0
2,5.154,0.0317,0.23,84.7,35.1,246.0,1
2,3.944,0.9566,0.1,72.0,38.6,246.0,0
7,9.204,0.0721,0.42,60.5,37.4,142.0,1
2,17.465,0.0,0.65,51.8,35.1,142.0,1
3,2.824,0.6728,0.35,30,25.8,291.0,0
2,0.903,0.7399,0.42,61.9,36.0,196.0,0
1,5,0.0,0.65,96.0,35.2,209.0,1
6,8.14,0.114,0.35,60.3,31.0,261.0,1
8,9.079,0.0409,0.35,66.6,22.2,248.0,1
0,6.262,0.629,0.58,98.3,34.8,151.0,0
4,15.176,0.4322,0.23,51.5,27.1,166.0,1
2,1.615,0.4047,0.35,55.8,37.8,133.0,0
3,3.622,0.3718,0.58,105.5,25.3,240.0,0
2,10.858,0.0319,0.35,52.2,24.8,230.0,1
0,0.028,0.3946,0.35,80.1,38.2,268.0,0
2,0.0,0.8249,0.23,93.1,36.9,163.0,0
0,2.027,0.2123,0.5,37.5,31.8,179.0,0
3,5,0.036,0.35,22.0,29.0,115.0,1
2,4.277,0.028,0.58,78.1,35.4,60.0,1
2,1.753,0.6347,0.18,49.8,29.0,233.0,0
0,0.0,0.8268,0.23,39.2,33.8,161.0,0
1,0.0,0.88,0.65,76.6,32.1,192.0,0
0,1.526,0.7711,0.18,60.4,33.6,237.0,0
2,7.028,0.2642,0.18,24.5,25.4,178.0,1
2,3.399,1.0,0.35,59.8,32.8,111.0,0
0,3.931,0.534,0.35,65.7,29.8,241.0,0
6,2.415,0.0603,0.18,54.9,34.8,56.0,1
1,2.462,0.9148,0.5,30,31.9,199.0,0
4,0.1,0.0,0.58,79.8,43.2,88.0,1
1,2.301,0.3219,0.58,73.2,29.1,53.0,0
5,2,0.0346,0.42,76.8,32.0,288.0,1
2,6.463,0.7376,0.58,87.6,33.1,184.0,0
3,10.393,0.0647,0.23,36.5,30.9,40,1
1,4.592,0.5759,0.65,64.8,33.8,146.0,0
3,6.065,0.0594,0.65,91.9,27.9,40,1
2,2.285,0.0387,0.58,86.5,28.5,226.0,1
2,7.9,0.0238,0.1,70.4,32.9,208.0,1
1,2.011,0.3425,0.5,92.7,37.0,251.0,0
1,2.321,0.5007,0.23,67.7,32.4,211.0,0
3,0.0,0.5597,0.35,51.4,33.5,226.0,0
1,0.491,0.6136,0.42,63.9,25.5,150.0,0
3,0.0,0.4607,0.5,94.8,36.3,50,0
2,2.26,0.6939,0.58,97.0,40.8,191.0,0
0,0.098,0.585,0.65,76.4,36.7,226.0,0
5,16.063,0.05,0.42,21.3,32.9,142.0,1
2,1.517,0.8154,0.5,131.8,26.8,159.0,0
1,0.447,0.9005,0.18,48.3,27.8,84.0,0
1,2.438,0.2133,0.1,61.6,33.1,272.0,0
3,0.0,0.08,0.5,49.0,28.0,223.0,0
1,3.777,0.7901,0.23,58.8,36.6,136.0,0
2,0.849,0.5395,0.65,69.8,38.8,192.0,0
8,10.997,0.0181,0.42,59.7,24.0,235.0,1
1,1.805,0.3409,0.23,88.9,31.6,184.0,0
3,20.457,0.1594,0.42,24.3,27.6,94.0,1
0,4.236,0.5672,0.5,85.8,30.1,232.0,0
7,8.855,0.0864,0.35,58.7,38.1,40,1
4,14.122,0.05,0.42,68.0,26.9,315.0,1
0,0.741,0.4478,0.5,93.8,30.8,233.0,0
1,0.625,0.3832,0.1,45.8,28.6,166.0,0
0,1.658,0.6333,0.18,61.8,32.3,145.0,0
4,6.017,0.05,0.23,37.1,37.5,200.0,1
3,4.059,0.0253,0.35,59.1,40.8,231.0,1
2,2.537,0.3053,0.18,57.2,29.8,135.0,0
4,1.805,0.3776,0.35,51.7,31.0,148.0,0
1,0.0,0.3428,0.58,67.3,33.5,196.0,0
2,18.352,0.2629,0.5,43.3,27.5,76.0,1
3,0.103,0.5866,0.58,65.2,33.7,198.0,0
2,0.038,0.3715,0.42,76.9,33.0,218.0,0
2,0.283,0.8254,0.18,98.6,27.1,168.0,0
2,38.282,0.7,0.35,86.3,30.6,133.0,1
2,0.393,0.7577,0.42,69.8,30.5,199.0,0
3,15.141,0.3348,0.65,69.3,31.2,137.0,1
2,3.219,0.6917,0.23,56.9,24.1,236.0,0
2,10.788,0.08,0.23,42.0,37.4,256.0,1
5,11.447,0.0,0.35,70.6,24.5,93.0,1
2,0.0,0.594,0.5,74.5,40.6,200.0,0
3,4.582,0.009,0.23,102.0,27.5,144.0,1
2,2.397,0.6385,0.65,70.3,32.9,140.0,0
5,20.982,0.5353,0.58,86.2,30.1,187.0,1
7,13.908,0.0143,0.58,63.2,36.1,102.0,1
0,0.0,0.7279,0.18,51.3,33.3,253.0,0
1,1.169,0.5618,0.23,64.2,24.7,181.0,0
3,1.457,0.5582,0.18,113.9,39.4,218.0,0
0,1.25,0.3982,0.1,34.7,41.5,175.0,0
5,22.064,0.3684,0.58,36.2,39.1,387.0,1
4,3.165,0.08,0.23,98.9,37.1,138.0,0
3,2.649,0.5924,0.65,63.2,25.6,155.0,0
1,0.596,0.08,0.42,70.5,25.3,180.0,0
1,0.0,0.6642,0.18,42.7,38.8,130.0,0
3,6,0.05,0.5,74.5,29.8,247.0,1
2,0.0,0.6526,0.42,94.2,26.8,213.0,0
3,0.0,0.7321,0.58,66.3,29.1,254.0,0
3,1.655,0.0073,0.18,65.2,30.5,297.0,1
0,0.0,0.6044,0.65,66.2,28.6,193.0,0
2,1.866,0.4758,0.18,64.6,37.7,225.0,0
0,1.706,0.7437,0.18,94.7,26.1,123.0,0
5,6,0.1584,0.65,26.8,39.5,231.0,1
1,10.544,0.0116,0.1,69.9,33.1,208.0,1
0,1.543,0.3625,0.1,83.4,38.1,73.0,0
7,9.006,0.0514,0.35,52.2,27.8,101.0,1
2,1.015,0.7458,0.18,97.8,34.4,147.0,0
3,2.493,0.5483,0.65,38.1,38.4,283.0,0
1,3.127,0.7905,0.35,94.6,28.3,217.0,0
0,1.798,0.6842,0.65,95.1,35.0,95.0,0
6,14.858,0.0198,0.58,69.1,43.0,103.0,1
3,0.323,0.565,0.35,47.6,29.0,115.0,0
0,0.171,0.3771,0.35,54.7,35.3,250.0,0
1,1.397,0.7349,0.65,76.1,40.7,94.0,0
2,1.378,0.8673,0.35,52.5,34.6,77.0,0
7,30.028,0.0,0.35,54.5,42.7,271.0,1
1,0.0,0.5351,0.18,40.6,37.3,80.0,0
2,3.183,0.0258,0.65,31.3,33.4,221.0,1
0,1.013,0.5484,0.58,116.6,33.1,216.0,0
8,11.087,0.0176,0.23,61.3,37.2,204.0,1
3,2.915,0.7558,0.18,51.2,37.6,109.0,0
2,3.826,0.7473,0.18,97.9,38.1,222.0,0
3,7.0,0.0318,0.35,51.2,32.4,164.0,1
4,3.783,0.4668,0.65,70.7,30.4,243.0,0
3,0.0,0.5296,0.42,75.2,36.3,185.0,0
7,14.6,0.0024,0.58,43.1,31.0,167.0,1
2,16.465,0.0,0.35,10,32.3,183.0,1
1,3.084,1.0,0.65,84.1,41.7,123.0,0
4,0.1,0.0469,0.23,36.1,21.3,239.0,1
0,2.993,0.7145,0.5,30,39.6,279.0,0
3,2.883,0.4424,0.65,92.4,36.5,50,0
0,3.877,0.4947,0.65,107.3,33.8,184.0,0
0,1.534,0.437,0.58,105.4,32.2,99.0,0
0,3.128,0.4679,0.58,83.4,38.2,110.0,0
7,20.538,0.0807,0.1,20.6,31.6,213.0,1
4,2.609,0.0457,0.1,52.4,34.8,279.0,1
3,14.582,0.05,0.65,26.8,34.1,74.0,1
2,5.207,0.7821,0.18,62.5,41.4,134.0,0
4,29.877,0.1916,0.42,61.3,36.1,85.0,1
3,1.483,0.3313,0.42,59.9,33.3,205.0,0
1,4.949,0.5802,0.58,101.7,35.7,135.0,0
0,0.0,0.8684,0.23,59.6,24.9,140.0,0
5,28.11,0.64,0.23,73.8,34.6,116.0,1
0,3.924,0.5885,0.18,58.8,41.8,224.0,0
3,6.848,0.007,0.23,56.1,38.5,139.0,1
5,15.67,0.05,0.42,50.1,35.9,173.0,1
1,0.379,0.5031,0.65,53.8,29.4,189.0,0
2,1.281,0.0483,0.58,69.9,27.1,40,1
3,2.853,0.6778,0.42,86.0,31.7,81.0,0
0,3.491,0.2584,0.42,80.2,35.5,101.0,0
1,0.0,0.7449,0.42,85.9,37.3,304.0,0
1,1.48,0.8339,0.1,65.8,31.8,256.0,0
1,10.525,0.0611,0.42,49.0,35.6,99.0,1
2,6,0.3999,0.1,10,33.3,86.0,1
1,0.576,0.4528,0.23,58.6,29.6,150.0,0
5,6,0.3054,0.58,56.2,31.4,40,1
3,0.519,0.3409,0.35,83.4,32.1,340.0,0
1,21.521,0.08,0.18,64.2,40.5,181.0,1
2,3.68,0.4327,0.42,53.2,32.5,149.0,0
2,0.0,0.3115,0.35,78.4,22,164.0,0
0,0.38,0.4259,0.5,84.4,30.8,127.0,0
4,18.886,0.0583,0.23,86.7,39.1,90.0,1
2,0.339,0.6627,0.35,87.6,44.7,119.0,0
0,2.236,0.8219,0.58,72.5,37.2,96.0,0
2,2.315,0.4879,0.35,30,35.3,94.0,0
3,4.527,0.0,0.18,74.5,31.1,82.0,1
2,4.344,0.4985,0.18,63.8,41.2,154.0,0
0,0.0,0.3189,0.35,93.7,32.4,133.0,0
1,1.9,0.6119,0.5,95.4,42.9,232.0,0
0,6.924,0.6047,0.35,42.8,34.8,112.0,0
1,1.648,0.7584,0.18,71.9,40.6,164.0,0
0,0.472,0.8583,0.58,44.8,38.8,263.0,0
0,0.0,0.8556,0.65,63.1,32.6,108.0,0
2,0.674,0.6068,0.65,43.9,32.4,109.0,0
2,4.043,0.8671,0.65,72.5,34.5,159.0,0
3,32.108,0.0503,0.1,77.2,26.8,279.0,1
3,3.339,0.0412,0.1,94.8,27.8,255.0,1
2,0.21,0.3655,0.23,59.5,39.8,206.0,0
5,11.835,0.5093,0.1,84.7,37.8,187.0,1
0,2.1,0.3362,0.5,56.4,28.8,53.0,0
2,0.0,0.5304,0.23,77.7,26.6,270.0,0
1,0.039,0.5138,0.65,85.7,37.8,188.0,0
1,0.46,0.538,0.1,77.5,35.7,220.0,0
0,0.0,0.8208,0.1,30,33.9,205.0,0
3,1.362,0.4833,0.58,34.8,26.2,212.0,0
0,5.416,1.0,0.18,50.3,33.8,66.0,0
1,2.854,0.4342,0.1,65.5,33.8,234.0,0
0,1.186,0.6124,0.18,64.6,29.8,207.0,0
2,3.921,0.6599,0.65,115.8,35.2,214.0,0
0,0.58,0.7273,0.5,40.6,36.6,104.0,0
0,2.804,0.6884,0.65,117.4,42.2,400,0
0,0.567,0.3572,0.58,107.0,37.3,203.0,0
0,2.34,0.7501,0.18,30,30.9,248.0,0
3,0.0,0.6481,0.65,85.1,31.1,140.0,0
5,2,0.0667,0.1,70.6,27.5,168.0,1
1,0.474,0.3861,0.23,98.5,33.0,227.0,0
1,4.63,0.3606,0.18,88.0,32.0,240.0,0
1,3.025,0.573,0.42,83.8,33.7,131.0,0
2,0.746,0.732,0.18,66.8,29.9,151.0,0
1,2.358,0.4777,0.5,65.0,37.3,119.0,0
3,0.0,0.7021,0.65,44.1,43.7,184.0,0
2,10.627,0.08,0.1,49.3,38.0,222.0,1
3,14.405,0.3423,0.58,54.7,27.9,220.0,1
1,1.639,0.08,0.42,41.6,43.3,192.0,0
2,0.1,0.0211,0.35,58.8,24.5,92.0,1
3,0.818,0.7362,0.42,75.2,30.1,244.0,0
1,0.467,0.4277,0.35,80.6,31.7,125.0,0
5,14.52,0.0242,0.23,28.9,41.1,137.0,1
1,1.331,0.4263,0.1,34.7,34.2,191.0,0
2,2.654,0.6456,0.35,44.9,38.4,289.0,0
1,5.098,0.6004,0.1,98.0,29.6,245.0,0
1,0.449,0.3335,0.23,86.2,33.5,140.0,0
2,0.0,0.9534,0.42,76.4,32.5,191.0,0
4,2.316,0.565,0.35,66.2,43.2,194.0,0
3,0.0,0.2249,0.58,52.3,29.2,190.0,0
4,1.267,0.063,0.58,56.1,38.6,40,1
2,34.007,0.1598,0.42,20.3,37.6,182.0,1
0,0.388,1.0,0.23,41.9,35.6,240.0,0
2,0.357,0.4317,0.58,33.1,35.4,206.0,0
7,12.706,0.0031,0.18,70.9,36.9,182.0,1
0,2.417,0.9128,0.18,76.7,36.5,110.0,0
1,1.648,0.4428,0.65,99.6,42.5,152.0,0
2,0.0,0.9857,0.23,71.0,36.8,204.0,0
3,1.72,0.3627,0.35,100.0,35.2,269.0,0
5,27.308,0.2401,0.58,93.4,29.8,215.0,1
0,0.0,0.4091,0.42,62.9,42.0,199.0,0
4,2.91,0.418,0.23,72.9,35.0,65.0,0
3,0.0,0.2675,0.42,83.2,32.9,117.0,0
2,0.718,0.7685,0.23,66.1,37.0,128.0,0
4,1.096,0.0194,0.65,64.8,27.0,168.0,1
5,14.806,0.2318,0.23,41.9,31.3,242.0,1
0,2.762,0.6908,0.23,53.4,30.5,151.0,0
1,0.559,0.4342,0.23,51.0,36.8,257.0,0
3,0.0,0.6161,0.18,83.3,35.7,209.0,0
2,4.329,0.6803,0.65,55.1,33.0,115.0,0
0,2.412,0.2685,0.65,74.3,31.1,50,0
1,2.909,0.6988,0.18,78.4,29.4,269.0,0
2,0.0,0.555,0.1,50.8,28.0,148.0,0
1,0.0,0.3327,0.1,75.9,25.3,212.0,0
3,2.745,0.7541,0.42,41.3,35.9,234.0,0
1,0.0,0.5103,0.58,86.2,40.2,84.0,0
0,5.625,0.6837,0.58,40.1,34.6,223.0,0
3,0.987,0.4177,0.18,68.1,34.0,267.0,0
0,2.378,0.4664,0.65,40.5,42.5,246.0,0
2,4.327,0.3762,0.18,103.0,37.2,75.0,0
1,1.362,0.7168,0.5,75.5,39.7,245.0,0
3,24.544,0.5495,0.5,63.7,33.3,181.0,1
2,0.0,0.4564,0.65,118.6,34.3,293.0,0
0,3.088,0.8914,0.18,80.6,33.8,101.0,0
3,2.012,0.6553,0.5,62.4,45.5,314.0,0
0,0.897,0.6692,0.5,60.7,34.8,205.0,0
0,5.254,0.8115,0.5,92.6,38.2,162.0,0
3,13.75,0.05,0.18,42.1,35.7,172.0,1
3,4.339,0.7769,0.23,30,38.6,215.0,0
2,1.723,0.7615,0.18,72.6,32.7,140.0,0
0,2.937,0.6265,0.5,90.2,29.0,157.0,0
0,3.792,0.6738,0.1,69.3,34.0,213.0,0
2,2.382,0.5374,0.65,47.5,27.4,186.0,0
4,23.927,0.3715,0.35,98.9,33.2,259.0,1
3,0.768,0.8819,0.58,98.4,22,178.0,0
3,0.0,0.8133,0.35,92.5,38.1,221.0,0
1,1.405,0.0127,0.1,56.8,26.7,137.0,1
2,1.017,0.5512,0.5,62.3,28.1,303.0,0
2,2.767,0.856,0.18,90.6,35.8,95.0,0
0,3.8,0.7457,0.42,67.2,31.9,79.0,0
0,0.84,0.7727,0.23,69.9,34.1,225.0,0
1,0.0,0.7917,0.1,43.3,22,229.0,0
3,0.068,0.9185,0.5,91.9,39.1,219.0,0
1,16.394,0.0243,0.18,89.2,38.2,180.0,1
3,1.577,0.2899,0.65,97.3,29.3,278.0,0
3,1.188,0.6551,0.5,75.0,36.4,98.0,0
2,2.835,0.5301,0.23,70.5,29.8,132.0,0
2,16.593,0.6407,0.58,29.6,42.3,202.0,1
1,0.0,0.5546,0.65,70.5,39.4,151.0,0
3,1.303,0.2972,0.42,50.3,27.5,180.0,0
0,2.091,0.5227,0.58,67.2,33.6,240.0,0
5,15.101,0.1063,0.42,93.0,32.8,40,1
1,0.0,0.5428,0.35,58.7,25.2,169.0,0
2,2.404,0.5944,0.23,72.9,33.1,138.0,0
7,18.801,0.0245,0.58,60.4,35.6,102.0,1
3,2.233,0.3718,0.23,41.4,44.8,210.0,0
1,2.232,0.4167,0.35,62.9,38.3,255.0,0
3,2.966,0.0116,0.65,58.3,35.0,105.0,1
2,0.356,0.5544,0.35,30,28.8,97.0,0
0,1.335,0.2274,0.1,78.5,26.7,248.0,0
4,33.523,0.1345,0.18,67.0,33.4,146.0,1
2,0.0,0.7295,0.42,83.5,35.1,173.0,0
3,0.0,0.419,0.18,63.3,31.9,155.0,0
1,2.314,0.3724,0.1,70.3,30.7,104.0,0
1,0.439,0.5403,0.18,91.6,25.7,227.0,0
1,4.284,0.7223,0.35,38.6,29.3,187.0,0
4,1.94,0.0002,0.18,91.3,29.4,152.0,1
1,1.97,0.6035,0.1,85.6,38.5,257.0,0
3,7.249,0.7544,0.58,75.6,33.9,91.0,0
3,0.378,0.8399,0.18,61.6,31.0,166.0,0
3,0.0,0.5314,0.1,54.7,30.8,171.0,0
1,3.224,0.6291,0.18,74.5,30.8,182.0,0
3,2.412,0.3014,0.1,65.4,42.7,167.0,0
1,0.0,0.5293,0.1,83.2,38.2,178.0,0
5,23.973,0.072,0.42,44.1,32.1,139.0,1
1,3.203,0.6941,0.5,77.9,40.1,145.0,0
3,2.508,0.3669,0.18,62.7,35.3,249.0,0
0,0.0,0.7632,0.23,60.1,35.2,168.0,0
1,1.13,0.7252,0.23,75.3,28.9,168.0,0
0,0.625,0.5963,0.35,55.0,34.8,115.0,0
1,0.768,0.8631,0.65,71.4,35.1,201.0,0
0,3.508,0.8836,0.42,77.7,28.4,155.0,0
6,12.613,0.0582,0.18,88.2,35.3,209.0,1
3,13.695,0.0793,0.1,64.2,41.0,280.0,1
1,0.0,0.4971,0.1,110.4,46,189.0,0
0,1.584,0.7767,0.65,46.3,38.4,203.0,0
2,0.813,0.5684,0.42,88.9,31.1,231.0,0
0,1.039,0.7527,0.23,96.3,35.6,100.0,0
1,0.239,0.6194,0.23,90.2,36.6,59.0,0
3,0.575,0.5476,0.23,51.4,31.0,174.0,0
0,3.878,0.3655,0.42,65.0,26.0,114.0,0
0,0.057,0.2283,0.5,54.5,27.2,124.0,0
1,2.786,0.5712,0.18,47.5,25.9,177.0,0
2,2.177,0.6434,0.5,68.8,34.1,209.0,0
4,0.078,0.6188,0.58,49.2,33.9,198.0,0
1,1.181,0.4735,0.5,69.6,41.5,84.0,0
0,0.042,0.4584,0.1,80.4,34.8,138.0,0
1,1.411,0.4572,0.5,43.0,36.0,50,0
3,4.053,0.3466,0.1,115.8,29.8,184.0,0
5,2.4,0.0,0.23,37.1,32.6,269.0,1
4,6.432,0.0259,0.18,56.0,28.8,180.0,1
1,2.357,0.2937,0.1,87.1,39.3,178.0,0
1,3.131,0.7732,0.42,92.4,34.2,192.0,0
4,23.476,0.3391,0.1,49.3,30.6,184.0,1
0,0.142,0.6505,0.35,77.3,28.0,226.0,0
2,1.091,0.6363,0.58,74.3,39.2,187.0,0
2,1.636,0.3004,0.18,63.8,34.2,89.0,0
3,5.621,0.2697,0.23,65.2,31.2,169.0,0
4,4.41,0.0057,0.18,43.2,22.0,83.0,1
1,3.661,0.7486,0.1,49.6,41.9,228.0,0
1,3.586,0.5134,0.1,65.2,30.3,160.0,0
1,0.328,0.5965,0.5,88.9,22,126.0,0
2,7.557,0.0481,0.1,80.4,41.7,125.0,1
1,1.341,0.5886,0.35,77.0,26.3,142.0,0
4,1.231,0.0385,0.58,36.9,35.7,40,1
0,5.71,0.1899,0.1,32.2,32.6,282.0,0
8,5.353,0.0013,0.18,53.3,23.3,253.0,1
5,14.319,0.0345,0.5,51.8,32.4,209.0,1
0,0.0,0.5648,0.58,52.1,37.2,52.0,0
1,0.704,0.5157,0.1,67.8,33.4,149.0,0
1,0.0,0.6125,0.42,63.9,40.3,50,0
2,2.926,0.6051,0.35,75.9,35.8,170.0,0
0,2.359,0.4583,0.5,80.2,34.6,165.0,0
0,2.814,0.6754,0.58,55.7,23.6,200.0,0
2,3.812,0.5101,0.65,59.6,27.7,194.0,0
0,0.0,0.4612,0.58,66.6,29.2,246.0,0
0,1.373,0.6627,0.42,75.5,26.5,230.0,0
6,8.774,0.0865,0.5,85.2,36.2,294.0,1
2,0.877,0.8674,0.58,31.9,42.1,231.0,0
5,22.006,0.1004,0.35,65.4,31.6,88.0,1
0,0.0,0.7212,0.35,59.5,27.3,60.0,0
1,2.798,0.517,0.5,84.2,34.4,240.0,0
4,0.593,0.0,0.18,48.0,22.7,124.0,1
3,1.773,0.4552,0.42,72.0,33.5,147.0,0
4,0.521,0.4721,0.65,78.1,36.8,250.0,0
2,2.722,0.448,0.23,100.2,36.9,274.0,0
0,1.187,0.7324,0.18,93.2,33.0,270.0,0
8,12.411,0.064,0.35,48.5,29.6,302.0,1
2,0.503,0.5684,0.23,62.0,29.8,159.0,0
1,1.879,0.246,0.65,52.2,24.3,223.0,0
2,0.0,0.6248,0.35,105.7,29.4,106.0,0
2,2.32,0.7148,0.35,67.3,30.7,141.0,0
2,3.354,0.6328,0.58,81.2,31.3,142.0,0
0,2.913,0.6599,0.42,83.9,32.0,178.0,0
7,2.138,0.0223,0.58,41.4,30.4,227.0,1
0,1.361,0.6379,0.42,53.9,29.7,204.0,0
0,3.485,0.4231,0.18,94.5,38.1,241.0,0
1,0.408,0.2238,0.5,57.9,27.1,128.0,0
0,1.068,0.2916,0.23,56.8,39.7,213.0,0
4,12.743,0.2009,0.35,85.3,29.0,131.0,1
1,2.525,0.6737,0.23,69.8,44.0,251.0,0
1,1.882,0.0247,0.35,68.3,31.5,90.0,1
7,15.048,0.0148,0.65,22.9,32.3,279.0,1
2,1.662,0.052,0.1,71.6,31.3,210.0,1
0,0.682,0.435,0.58,80.8,38.7,76.0,0
4,5.61,0.0192,0.58,49.4,29.8,183.0,1
8,9.312,0.0,0.65,63.4,35.1,110.0,1
0,0.305,0.505,0.5,67.7,38.2,171.0,0
0,3.682,0.3798,0.65,125.8,30.1,126.0,0
6,16.612,0.0,0.65,68.5,33.8,246.0,1
3,11.354,0.0062,0.5,23.9,36.9,97.0,1
2,8.433,0.0224,0.1,74.4,36.4,169.0,1
1,0.0,0.6101,0.35,51.2,39.2,120.0,0
1,1.406,0.6038,0.35,63.3,35.6,92.0,0
5,3.997,0.0603,0.58,81.0,31.2,295.0,1
0,0.976,0.4849,0.58,59.9,35.7,137.0,0
2,0.1,0.0442,0.35,27.2,33.6,258.0,1
4,0.1,0.0306,0.42,18.6,37.2,169.0,1
0,3.517,0.7767,0.1,97.6,24.7,247.0,0
2,23.072,0.0722,0.42,82.4,30.8,166.0,1
7,17.549,0.0831,0.5,67.6,36.8,164.0,1
0,3.225,0.6403,0.18,64.8,41.6,96.0,0
4,3.888,0.0465,0.18,16.3,32.8,124.0,1
0,0.206,0.8586,0.58,58.5,29.2,166.0,0
0,0.618,0.6074,0.35,56.1,36.2,119.0,0
0,1.704,0.24,0.23,44.0,23.8,215.0,0
6,27.612,0.0614,0.5,76.1,34.1,47.0,1
4,25.674,0.05,0.58,60.3,35.3,179.0,1
1,0.0,0.4609,0.65,65.0,31.0,164.0,0
0,0.0,0.7094,0.23,97.9,33.7,156.0,0
2,2.408,0.3371,0.35,91.1,30.5,50,0
2,3.795,0.0474,0.1,71.1,29.4,205.0,1
4,4.024,0.0566,0.42,14.3,38.1,115.0,1
7,15.822,0.0474,0.42,69.7,30.3,141.0,1
0,1.721,0.3589,0.65,44.1,31.2,138.0,0
0,0.684,0.638,0.35,102.6,29.3,197.0,0
3,0.0,0.3713,0.42,78.4,30.3,50,0
3,0.772,0.3744,0.42,76.2,38.7,127.0,0
1,0.0,0.3686,0.35,100.1,31.4,149.0,0
0,3.999,0.3628,0.18,98.2,30.4,222.0,0
5,16.479,0.0737,0.35,63.5,32.4,337.0,1
5,5.749,0.12,0.1,67.4,34.3,181.0,1
3,1.882,0.8678,0.1,51.1,28.7,250.0,0
2,1.801,0.8026,0.1,100.1,45.6,186.0,0
3,0.0,0.8727,0.42,70.3,38.9,224.0,0
3,2.796,0.5165,0.18,51.1,32.2,234.0,0
2,17.393,0.4877,0.42,63.4,33.5,174.0,1
1,2.313,0.0178,0.65,61.4,26.0,167.0,1
3,0.797,0.8348,0.58,60.5,40.5,93.0,0
1,2.186,0.0307,0.35,45.7,32.4,40,1
1,16.676,0.0531,0.65,81.2,29.1,94.0,1
1,4.979,0.9782,0.1,72.2,22,74.0,0
1,1.125,0.2769,0.65,50.6,36.0,233.0,0
3,26.527,0.0505,0.5,79.8,30.8,242.0,1
3,0.252,0.5094,0.58,44.4,33.7,116.0,0
0,0.971,0.3962,0.58,67.7,37.1,233.0,0
0,3.54,0.5943,0.1,77.5,35.4,315.0,0
0,0.012,0.3764,0.35,72.2,28.8,126.0,0
2,2.582,0.6277,0.18,81.4,30.2,223.0,0
3,21.126,0.6635,0.23,119.5,28.0,330.0,1
1,0.0,0.7433,0.42,77.5,36.6,185.0,0
0,1.145,0.998,0.35,73.9,43.1,230.0,0
2,19.487,0.0153,0.23,41.8,36.8,40,1
3,4.577,0.6816,0.42,56.6,38.1,177.0,0
2,1.185,0.6133,0.5,75.7,37.1,193.0,0
3,2.22,0.9359,0.1,95.8,33.1,109.0,0
1,0.0,0.5093,0.35,39.4,25.7,283.0,0
0,0.0,0.7913,0.42,95.4,33.9,106.0,0
1,0.251,0.2704,0.18,77.4,34.2,174.0,0
3,0.0,0.3991,0.42,45.9,30.5,111.0,0
2,2.657,0.0367,0.65,56.6,28.5,145.0,1
2,0.019,0.6208,0.35,63.1,36.2,168.0,0
1,2.161,0.4751,0.65,79.9,31.7,218.0,0
1,3.87,0.3844,0.35,57.3,33.3,94.0,0
3,1.398,0.0526,0.5,48.9,28.8,141.0,1
6,2,0.1109,0.65,78.1,27.9,180.0,1
2,2.18,0.0084,0.5,56.5,33.1,118.0,1
2,0.972,0.6672,0.58,52.9,33.9,193.0,0
5,12.861,0.0036,0.18,39.5,30.2,80.0,1
1,3.132,0.5529,0.1,60.0,40.3,162.0,0
3,0.729,0.463,0.58,38.6,33.6,237.0,0
0,4.249,0.7466,0.23,42.8,33.9,160.0,0
7,19.736,0.0431,0.5,77.2,38.7,191.0,1
1,5,0.0242,0.1,34.7,27.1,164.0,1
3,16.929,0.0546,0.58,51.2,38.6,195.0,1
2,0.861,0.5429,0.65,63.3,33.9,200.0,0
8,10.808,0.0415,0.23,53.7,31.6,57.0,1
3,1.783,0.8825,0.23,71.9,24.2,192.0,0
1,0.0,0.2046,0.5,88.5,28.7,189.0,0
1,3.888,0.354,0.5,69.7,27.9,138.0,0
5,27.202,0.05,0.18,54.6,35.6,143.0,1
2,5.342,0.4347,0.18,63.5,32.4,127.0,0
3,0.0,0.2603,0.35,57.5,29.4,109.0,0
0,3.204,0.4822,0.58,50.4,34.1,121.0,0
2,1.076,0.2784,0.1,57.1,31.8,78.0,0
3,0.0,0.704,0.5,54.9,26.7,78.0,0
3,0.0,0.851,0.35,65.0,33.3,258.0,0
1,3.182,0.3172,0.23,44.5,33.2,249.0,0
4,1.197,0.654,0.58,108.0,28.2,273.0,0
3,25.251,0.3212,0.18,54.8,24.3,58.0,1
1,0.295,0.4649,0.5,88.7,37.9,288.0,0
1,3.713,0.7781,0.65,77.3,34.9,156.0,0
0,0.999,0.8214,0.5,81.3,31.3,127.0,0
2,3.416,0.5036,0.42,72.6,22,212.0,0
0,0.722,0.7812,0.1,102.7,24.8,132.0,0
2,0.528,0.5665,0.18,55.0,33.5,244.0,0
2,1.472,0.1716,0.35,84.5,41.3,150.0,0
2,2.646,0.7657,0.42,53.8,40.5,100.0,0
0,4.063,0.7858,0.35,75.9,32.7,194.0,0
1,13.171,0.0575,0.35,84.9,33.2,197.0,1
0,0.0,0.4571,0.5,56.8,40.2,230.0,0
1,2.13,0.5647,0.42,60.9,30.6,118.0,0
3,2.069,0.518,0.5,70.0,38.8,207.0,0
0,3.469,0.5837,0.65,66.3,37.5,148.0,0
1,3.357,0.4539,0.65,51.5,31.3,106.0,0
2,2.041,0.0029,0.35,71.3,33.1,239.0,1
0,2.252,0.4562,0.58,50.2,33.2,153.0,0
6,3.202,0.0465,0.18,65.2,38.2,117.0,1
0,2.642,0.2156,0.23,48.3,30.5,211.0,0
2,0.36,0.364,0.65,82.1,30.7,154.0,0
2,0.1,0.021,0.5,25.0,30.6,55.0,1
0,0.659,0.6419,0.18,30,34.8,252.0,0
1,0.0,0.0821,0.1,83.4,43.7,174.0,0
